/.svn/text-base/heraia.csv.svn-base	4479	93ae445e61346492194d6883d4349774	8773d666add26d554e0a25c4cb20e45ebb7e5281	32f15f363e4e77c0ec2dcd7ccd20dc353fa255a9
/.svn/text-base/AUTHORS.svn-base	41	2f2a6fd15191f023285cf6783a0a3517	83b9956433f2d6e939d451dd7026d765bf8acfa1	329d4570db85ca8c16dc47b1b5dc08b0a473cf80
/.svn/text-base/ChangeLog.svn-base	7623	c5cd310d491f6b44473af67918e056cc	6784b0143e1b8907e74962745ee9c6a598e9294a	1c959f3142dcff47c017afa171ea74fbee367222
/.svn/text-base/README.svn-base	263	a5d05c583dd9733103c3bd7e73ef094f	1053317cbba2ecc7afeb40821e74ed623b36f4db	c5486a2e18fe752ef49780ddda27e0ff09c56700
/.svn/text-base/config.h.in.svn-base	0	d41d8cd98f00b204e9800998ecf8427e	da39a3ee5e6b4b0d3255bfef95601890afd80709	9c1185a5c5e9fc54612808977ee8f548b2258d31
/.svn/text-base/HISTORY.svn-base	516	e8c75220367b0f9903140722ea3ede78	a866f897d3d755078c87c30ff8ccc4f1d692158b	0c9fdcbff7f9a9ed276749806638b8d5c3401faf
/.svn/text-base/configure.ac.svn-base	3285	8f316390036c79af35b0d34a18eff73f	618154f7249b55f986ce2d83f257fb3ca1c24430	84b115c9e6397c04a8ac16aeb4752588b0f6d342
/.svn/text-base/TODO.svn-base	1364	dc03f3f1891cc173a012c0d4d17f5057	416281be8b112772bcf44599ab533f739445045d	65998c70dcf90ab0bc40ac2754385c6c7b9765a4
/.svn/text-base/COPYING.svn-base	18009	393a5ca445f6965873eca0259a17f833	0b184ad51ba2a79e85d2288d5fcf8a1ea0481ea4	c74ac313b9b86a9604b178a443039030d17f6fba
/.svn/text-base/Makefile.am.svn-base	13	efd337cf4eadddad8ac939690026f2f7	bbb84d317e5d330a2de608b8413e5537285f687c	9c2fe7fa99737c8d0d6f60a98f6e1eaa4773a8ce
/.svn/text-base/autogen.sh.svn-base	821	51517a400125cd23056318d4549b94c6	da3a900cf297673c1df304c09733e91edf11f2d0	36198a74d1ad108b85e9250979d35b22b442d655
/.svn/text-base/autoclean.svn-base	867	daf9c3a22b02b5812ba739cd493c7db3	4de468a02501c903ee114319a96f58ed46f16e14	1e0d143ebb758898b06a679cfc96db52ec38a015
/.svn/text-base/NEWS.svn-base	0	d41d8cd98f00b204e9800998ecf8427e	da39a3ee5e6b4b0d3255bfef95601890afd80709	9c1185a5c5e9fc54612808977ee8f548b2258d31
/.svn/prop-base/autogen.sh.svn-base	29	729c7be243c0f90e996927f9313da864	48a50e6a0bb0c209372f10e71f8a39f72c52f514	2e56e5d71ac7f8755407f3d3a1bc872697aa7385
/.svn/prop-base/autoclean.svn-base	29	729c7be243c0f90e996927f9313da864	48a50e6a0bb0c209372f10e71f8a39f72c52f514	2e56e5d71ac7f8755407f3d3a1bc872697aa7385
/.svn/props/cp_glades.svn-work	30	4160c74de5f4e580dc15660c798ff9fc	5d9ef8105e61decb49afd27638c040c0b69a7683	a1a897b7bf1fb2e808895a59af28451c92ddeb01
/.svn/entries	1868	ab7fd39a1eadbf81f15649a6dce5a462	65663fd4e66d0ee40f12a9065b2faf6044437452	88cab90b8a154210aea022fb7c3243cd743b95dd
/.svn/format	2	c30f7472766d25af1dc80b3ffc9a58c7	136571b41aa14adc10c5f3c987d43c02c8f5d498	c47dd50b8927a2a2a91161edcf0d477eb8c6e0c2
/src/.svn/text-base/decode.c.svn-base	11020	39a95eb6534e9e6144e1550d3ba7f18d	62a303aa036d8aa16f20272049f34e17890d64f6	ed175ddce3a6cd8bba208507350d839ac6e2aecc
/src/.svn/text-base/heraia.glade.svn-base	9645	63393f80a95277dd15bcb70b7b909910	1261333d9fd7c0445633565450a001b7fa0eafde	2ecdc1ccb39e69255f8e787c82d0d328725479f3
/src/.svn/text-base/ghex_heraia_interface.c.svn-base	2407	6a7c4b8b60937a0a11e361e7dbf7defa	c3c40a94bd6b3404ca9fc140ca9837ff36b4ab83	f55a9a2988d3cd764c4df731a781ef5490a47884
/src/.svn/text-base/heraia_ui.xml.svn-base	165	ad4e53f5eada21a3b7c3dedbd35e0fbc	7a1467a85af9c5cdbef8b82de81ba3e3c64d656d	802034b0d68555a4d9c01585be8d8a359e5e915d
/src/.svn/text-base/data_interpretor.c.svn-base	36454	56841706a228ee913d1ebbad5dbaf601	28553f9b920f5f8a59ab17567289cd5138a197dc	4cf9f410b49f14df5598b13104993b580f61d2a4
/src/.svn/text-base/heraia_ui.c.svn-base	10366	09417816d50c8d7bf8c681804fa00b8b	ba81b7bbfe4c32d6701b7a09a7ffce762c5ea477	ea2d03cfc9f18875fc117b93255af7c5633a4135
/src/.svn/text-base/io.c.svn-base	2155	ab31783f12d6bc7004e3b76cd1bbb268	5461058bf802f6dd742eb0117af4107c73c859a1	ca1f76c702f5a048a860deb156621be291c63729
/src/.svn/text-base/Makefile.am.svn-base	402	525e2c144fd37f585d120a8a25a24523	7ec157bdc2376d310bd77e997b0c5f6a7b4001b3	589314a65dd363cbd5e647885bfb05915c8db1f9
/src/.svn/text-base/heraia.c.svn-base	5756	06043b68e15cb833262d0abbd0a13310	4768bcde25843e04e257a901c456699d2386b741	85ffe33a1fd50a120c559b0fc051646930ef6def
/src/.svn/text-base/graphic_analysis.c.svn-base	6111	121abdb9fd2c757e87d0d856f240f0e5	272a6df4712081aa80bc8cbc48ff87023d6aa693	a687ee471e96cd485e24a76310215cddb3fb50d3
/src/.svn/entries	1534	bdcf10eabf79695aa193519565a3702a	24fb311b90d73d8fd5072a1fc25fe1be9bee36bf	6d33839ceb6b8d2576078d371d7e36ed34e294d9
/src/.svn/format	2	c30f7472766d25af1dc80b3ffc9a58c7	136571b41aa14adc10c5f3c987d43c02c8f5d498	c47dd50b8927a2a2a91161edcf0d477eb8c6e0c2
/src/include/.svn/text-base/heraia.h.svn-base	1463	d02895519439f8cd1364bca361cc1b7a	bd0e472209c958f93af015742cd94f7a3b7213f7	6c620094ca742705022adab700592a5c3470bc11
/src/include/.svn/text-base/decode.h.svn-base	1839	cc6822adb9e653367eec2eb4ecee50f8	be776a3ad2d4a23ed8d36f7b529fc3758e0c821c	95c129b9f43b8eddca29eea71e86e877d012c155
/src/include/.svn/text-base/ghex_heraia_interface.h.svn-base	1565	897fa6e3da2fd667e1f1dcd8a9fd9b23	ceaaf181cbb274582c0977e8b4869eacd0fe9fa2	a20e2e6170abe5cf37d8fac993b4afdd78e1acaf
/src/include/.svn/text-base/data_interpretor.h.svn-base	2019	32d0016f9026b1f7588db49c0cf34e6c	791470c5386750ad00babc8e34d4fcb8d8c227ea	393f4b37a49ef51f50b05b616dff3ff5dbd1932d
/src/include/.svn/text-base/heraia_ui.h.svn-base	2258	2cda186067f925ea4949c65d4780fc28	307eba350b51acb3a5243d25e7f0a748bd9820c4	d917d81aef79fc513416b84f1034d6a8de79db17
/src/include/.svn/text-base/io.h.svn-base	1098	707e520cab1fc5ec0fbcd825d0b2afbd	81e39f205931403a6f999e31c6bb8f7411c42539	66378b80a6c7e5114dc0139c463f8b4aee365643
/src/include/.svn/text-base/heraia-errors.h.svn-base	1209	5f20cdf01f609d420e0e7284aaa81677	493d868a95643c61ed1e21ea49bf1c2370441442	73c302f50800cb067671d5727651cc9baaf50fb0
/src/include/.svn/text-base/graphic_analysis.h.svn-base	1443	a35c1a6ca2053a90ec03bdacbe60f759	9748cc67c1e287dd16a6bf918ef5d903484bc303	5017eae3e4955fc116480e118c4c90e5efa08973
/src/include/.svn/text-base/types.h.svn-base	3545	eb972aec4a11d5ff7211480aeef19e93	4baf6f10a96da15d62720eb502d56516bdfd2060	8b4b9d8374d7f3c3985cf2da299c6b516ca087e2
/src/include/.svn/entries	1404	a61a78a51ef9037f96e30e2e894a5823	d94cb1752b596e19d5a505f2bc8763f925685f25	278aaa1c2f5f37bce31408c18ea6adf352771a24
/src/include/.svn/format	2	c30f7472766d25af1dc80b3ffc9a58c7	136571b41aa14adc10c5f3c987d43c02c8f5d498	c47dd50b8927a2a2a91161edcf0d477eb8c6e0c2
/src/include/heraia_ui.h	2574	5ef3d9b43f586ccae42cf96cb99d4d38	8e2e481c3e979558fabe3aab6796b83c4be69a60	5d2146f29e76361e1c1dac948a87f6f2863af8a2
/src/include/heraia.h	1470	73821fb49dd4545b7d7e1bcb56ee28d2	4cad4ec4d1b9899fb90f6c938968268c7c6ad2c1	c0f51c0cf6bf509d03eb85599f2aa34dc69dffc7
/src/include/decode.h	1870	1faa37aca048b1f85b99977e1837d177	8d292bc702ca4b5f900df6aae8e7fcab23afd03a	09877ac6be3493cbab26867c2592ea4ee860a58d
/src/include/io.h	1105	06c7ae17a94ca87b7c3fc05f7d4f501b	7a534d1a880a4590ea86687ede606b012823f4fd	95f0ac3cf326fb7f656719de504900ec570a30b1
/src/include/ghex_heraia_interface.h	1572	93129e78c989192c2061ce5efe5dba8e	50e2ec38053a6dc40116e5d49cd65dbe69840ed2	03420aa81cb23b18b7d387cd5f672ce8ff75b631
/src/include/data_interpretor.h	2026	ef7d9ace3cdef390533c8be998bb3ac2	060929832cad90da27e60a580be952af434eec5a	8d72efc0b5a0011aa389c92f780f05c3d9779550
/src/include/heraia-errors.h	1251	c0c4c15cbdc7022190e4f2d1d12d590b	e2fed87eddaccac004467b1943cd2a1ec0f0645c	960f85dbbeaf22365051e1417221b8e251659912
/src/include/graphic_analysis.h	1450	2f5fbd66ee887321ac9bee73a5a7f37b	10bea556c5ebabe530553fcf5b6fc684300580ee	cf3b8e0ad2863db1f70862d6cd6dc4d24cb9c3ce
/src/include/types.h	3983	ed78779befd75a370a1a5b2790bc3a34	38a0e31f21f57fd4622a55763d01c650dad34ad8	8ce6500144f84c5af6b366cb6d4b70a8ad3da762
/src/include/plugin.h	5069	9fe20f02af05ea3c777c9cfb7066f02e	af6f7f49920b972a609473db4e7162ca6d7c8d11	0d1de4d65c0f66949e885f5dd27e84807172e66c
/src/include/log.h	1427	30ea83249acf025ccc7ed1bc69fe3381	4c209eac4b6c00d356688ba34bc7c95f069d4724	fe21250dc5158dc58539e4f080b2de1f1cf88c6a
/src/include/plugin_list.h	1207	6ae0ddca0215027bdc3d8725a054aa4a	9bf9e81a7b123ca9eff57802a8bded063fe45a5e	ee93004be9adcb62fcb1d530bb4cda85935db4e4
/src/heraia.glade	35535	c96710a87bb3a0bb738980f5a79b4eb5	a97cac003d508e52fe2f551374342fe0fd854f1d	ad3ff8fac96a6176d9bb8e84d6e5667ea67d55eb
/src/decode.c	11021	5122aaefacd28742542a2c83e02434b7	68841add7d31319eec3c6e8ca3815c43943991d8	de4db79987558f6643b8176ea4e0f4d1da92f533
/src/heraia.c	5964	53d13330d9fb6ad0f23a19a151c775e7	0a467b5fc037ced48bca5b69b902dbd5395fe0c8	4ee6b466cfbc395d983d075069e15427b11c5a8c
/src/io.c	2440	952cc6edaec79ac397ae3cfae2b805da	2963a402b414891464c136f9c43ee408ebd02ec0	9b81ac685a61cf7c6f9e080eb1fcd62556dfb6b3
/src/ghex_heraia_interface.c	2415	51c4eeacf2372ff7906cbd1eb3948963	458b4c21ce85fbaf4f1161cb4d854b4d302953a3	69df23f1f660acca551627fdcdaa45214607b59b
/src/heraia_ui.xml	165	ad4e53f5eada21a3b7c3dedbd35e0fbc	7a1467a85af9c5cdbef8b82de81ba3e3c64d656d	802034b0d68555a4d9c01585be8d8a359e5e915d
/src/data_interpretor.c	36523	fada4d157d910fd91e3dffb3e7b4aabd	170ee6c1ef6de7de3441c4ea6ffef53b775c652a	3dfa6e6693a3f3defc05ae857d5531d4de5b03ee
/src/heraia_ui.c	13644	cd6a4fa63bb2b3cdaded34bd66bfa52d	551dedf575ce98413af7d689e5f74decb0b340ad	e59aa19b5fe564a3c8c4daedfa07574f759d1f3b
/src/Makefile.am	590	3702ac5fb1e69f1126a68e547fe004f3	f558c87d0c3f5af3fc588d4732386783c1765e86	c6ab19bf65b9153fa378c8167eb07f909a0afc92
/src/plugin.c	10396	4e4d0990d18cbdaf6daf3847f4769833	8e589ad389323f4ebdf24d4648998999b1cf549d	fcbe7e65e6063a169a36c8ccb41811b4b6858b32
/src/plugin_list.c	14695	c91b3ff3766a8a51791e4e30d984d987	f2ead6956ca828b6b8f351d4deaafc529e9d7448	31ab73f3ac94d2a63ed2ef4c046c3fbbf70cafd8
/src/graphic_analysis.c	6171	74f59550a66640cda22b40140e43eb5e	04f7ff68fa49c46d4cac316a52e8f264245f6149	6c4e8679431257bfdfc642cadaefb05b75861db5
/src/log.c	7528	efcd3b2cd4598a5b0a440d853b26e819	ef8e92c53f8bee869677768a464598b409b99e17	3448664e39a128bf481516aea968e963abae60bd
/docs/.svn/text-base/zero_length_file.svn-base	0	d41d8cd98f00b204e9800998ecf8427e	da39a3ee5e6b4b0d3255bfef95601890afd80709	9c1185a5c5e9fc54612808977ee8f548b2258d31
/docs/.svn/text-base/links.svn-base	696	514da31c8c92b0d6c7709721883c8ae6	74c532284d2f7be001ebafb9bbfe97bce430bc5b	d7883f534bf6053365ccafae746bd5a7ef686ac8
/docs/.svn/text-base/test-suite.svn-base	244	93b8f435ee508a9950b1c02654328579	84e80668ee8df0fc4152b9feb60117b499a6b5a2	ef4d85db28d186ff23d40d177430476f2907d62f
/docs/.svn/text-base/test_file.svn-base	488	dc53e598ad081d6ab5a2ba68e106c5f3	f45962eef69df607a04fda83cf5181652d6f374f	e39aa264e7f0dfdb4f7985121034d6c08114f166
/docs/.svn/prop-base/test_file.svn-base	53	113136892f2137aa0116093a524ade0b	a0284943f8ddfe69ceec90833e66d96bdf4a97f0	efadea942f87acae081038cc85eb946c7edcbb8a
/docs/.svn/entries	702	3e75b65228a2ab0a129accbaa5d3e06a	2a40c903ecc271fe2f1fd88a2e8679af0dd96c16	5400e8196389e9b83284526a14272b3d5617e818
/docs/.svn/format	2	c30f7472766d25af1dc80b3ffc9a58c7	136571b41aa14adc10c5f3c987d43c02c8f5d498	c47dd50b8927a2a2a91161edcf0d477eb8c6e0c2
/docs/zero_length_file	0	d41d8cd98f00b204e9800998ecf8427e	da39a3ee5e6b4b0d3255bfef95601890afd80709	9c1185a5c5e9fc54612808977ee8f548b2258d31
/docs/links	696	514da31c8c92b0d6c7709721883c8ae6	74c532284d2f7be001ebafb9bbfe97bce430bc5b	d7883f534bf6053365ccafae746bd5a7ef686ac8
/docs/test-suite	244	93b8f435ee508a9950b1c02654328579	84e80668ee8df0fc4152b9feb60117b499a6b5a2	ef4d85db28d186ff23d40d177430476f2907d62f
/docs/test_file	488	dc53e598ad081d6ab5a2ba68e106c5f3	f45962eef69df607a04fda83cf5181652d6f374f	e39aa264e7f0dfdb4f7985121034d6c08114f166
/img/.svn/text-base/logo.jpg.svn-base	42399	51ee3299181bc8c2d28fa733baf544a5	f17558511a58d8e0082aec9b9f3bed0db4231c5e	12f2cc11bf7230cce6c23bebf9ac94a8978456b2
/img/.svn/text-base/logo.png.svn-base	155368	ba15d6b6134585a485ea77558a15ca55	9fb0706c6e3cbb0098fdba8a2c3c0cf3e462c93e	355b090c66034cc8d5ba36d987652552b186b4b6
/img/.svn/prop-base/logo.jpg.svn-base	53	113136892f2137aa0116093a524ade0b	a0284943f8ddfe69ceec90833e66d96bdf4a97f0	efadea942f87acae081038cc85eb946c7edcbb8a
/img/.svn/prop-base/logo.png.svn-base	53	113136892f2137aa0116093a524ade0b	a0284943f8ddfe69ceec90833e66d96bdf4a97f0	efadea942f87acae081038cc85eb946c7edcbb8a
/img/.svn/entries	473	7f5232fed6ce8128d211dd3e15f0b0d7	a495d1a484fefd26aabf809981581d81a9c4df86	d6efd2e352e03f8d73e27e90153ef374fa3c9bf7
/img/.svn/format	2	c30f7472766d25af1dc80b3ffc9a58c7	136571b41aa14adc10c5f3c987d43c02c8f5d498	c47dd50b8927a2a2a91161edcf0d477eb8c6e0c2
/img/logo.jpg	42399	51ee3299181bc8c2d28fa733baf544a5	f17558511a58d8e0082aec9b9f3bed0db4231c5e	12f2cc11bf7230cce6c23bebf9ac94a8978456b2
/img/logo.png	155368	ba15d6b6134585a485ea77558a15ca55	9fb0706c6e3cbb0098fdba8a2c3c0cf3e462c93e	355b090c66034cc8d5ba36d987652552b186b4b6
/heraia.csv	4479	93ae445e61346492194d6883d4349774	8773d666add26d554e0a25c4cb20e45ebb7e5281	32f15f363e4e77c0ec2dcd7ccd20dc353fa255a9
/AUTHORS	113	3c32535942e28e7c8c852bde118c4a2f	96faecc20ab85a230c2ac54f856884b098fcd279	4864f665df9a24ac5f9eb72154fb2c32d14a7531
/ChangeLog	10224	d88e53f36be4054af8e8de61c78bfe69	12bd6bab1a7c495ddf7b02c89078d0ebe2ced0a5	2060b0ed65b4024ebd5082f2a7bfc40a7e0d28fb
/README	301	689a4f2281aee547e31094de40fe39c7	7df8e2e1437a617accf76f2ad35ad5df0c29f926	0f7136553e081af42ca18a5b8b925217a0b66702
/config.h.in	3556	4d04e820a6a9e732c606b75519c18e0f	d3c4053b515c0ef7c2e8f6f7cfc10726b12548b3	c81ccabc4e07b84cbf72e6dc017912c11f07081d
/HISTORY	2391	cd77f501290f9818b22f42a662faae47	47ba4baa7f4acc11d6552167a1f14814ebfaeb9e	78f649a9806a4db56810ef546bd5a1f8ba982cc7
/configure.ac	5893	056b87bb48434a200eca64cd6a9c206e	059f997e45116cdf64aed6748655ac53eb8824b5	356f05db1cfebc378dfb02c363985aee044973ef
/TODO	2304	a8a1f4aece7ba1cd75ecb804755eb4e0	b58ef35fad4e60fc0c3a604341f0735ade521595	ebbc4fe23064231893dbe45fc17d484853418f6f
/COPYING	18009	393a5ca445f6965873eca0259a17f833	0b184ad51ba2a79e85d2288d5fcf8a1ea0481ea4	c74ac313b9b86a9604b178a443039030d17f6fba
/Makefile.am	22	9babd2a65a11ce4a34500ccc94f4610f	a076505b82e1eea449d91c6268c631d8b311883a	a776febd549fd3f8fabeef15fa2e58d29644ec23
/autogen.sh	821	51517a400125cd23056318d4549b94c6	da3a900cf297673c1df304c09733e91edf11f2d0	36198a74d1ad108b85e9250979d35b22b442d655
/autoclean	1116	12d15037fae6316267ce4f09539dccd8	758672ef9242e927bb6cac758f87d99764c39067	c78981002fbb7f6b46eef6506327e886c9f6aa12
/NEWS	0	d41d8cd98f00b204e9800998ecf8427e	da39a3ee5e6b4b0d3255bfef95601890afd80709	9c1185a5c5e9fc54612808977ee8f548b2258d31
/po/.svn/entries	172	c716ed66b9a656a8e60aae9d067044b7	70ad5ea3d1c7109f3dc7c1de6ecefe7f93f5c69d	4a1337be834ff732a512e9247ecf0e6c13c10c12
/po/.svn/format	2	c30f7472766d25af1dc80b3ffc9a58c7	136571b41aa14adc10c5f3c987d43c02c8f5d498	c47dd50b8927a2a2a91161edcf0d477eb8c6e0c2
/po/POTFILES.in	140	b0ff19423491145e3a1815057bbfb4e7	8ed5037169c75b3c8abbe511c4ffcb0015c66173	a2b926049c17ad2e1455ef4f4d3f6038e5cf069d
/plugins/.svn/entries	195	5373741d05cd583f54bb2554120236e9	ac837da5b801007b1af14bd2008acf9a38a68de6	9952f8a543b6f9cb9a7515d9d6c2ead545636b6c
/plugins/.svn/format	2	c30f7472766d25af1dc80b3ffc9a58c7	136571b41aa14adc10c5f3c987d43c02c8f5d498	c47dd50b8927a2a2a91161edcf0d477eb8c6e0c2
/plugins/Makefile.am	14	ff77bfb4618f9d80e4ecc1b5056e32f5	5166c5aa81a35431655cc88c14bcc947d468ec40	07e387d0742c5574fb3aa554ab8b6c2b1010deb6
/plugins/stat/.svn/entries	249	9732f987c231f978f6614c0375af8178	6215c9a1a4d4b58e32a42071d03f25a9cb6451d5	46c7a68510d22c6066d55c2bdb5691b076797a56
/plugins/stat/.svn/format	2	c30f7472766d25af1dc80b3ffc9a58c7	136571b41aa14adc10c5f3c987d43c02c8f5d498	c47dd50b8927a2a2a91161edcf0d477eb8c6e0c2
/plugins/stat/Makefile.am	361	6e912172d5c72ea4f84b40edb717a990	d9dd94936114742e9141900df11505049af78086	a0b15299d63dc53a6e73f677565767b733bb59bd
/plugins/stat/stat.c	10848	d2260e01f832120b9531a8dd390c786f	816e6b62e449caf1b6b77c5a36750a09308d8bf3	9fe520802b6b976ae8acab38e4b4608496d7bd8c
/plugins/stat/stat.glade	11745	034e58ac409e74c84217535d22cb0eaa	5a97b9c6d582914e32bb5ab5a7fe11521e816c97	adbce9f76cf01e40d1e8ac216d6327c25b99f8ed
/plugins/stat/stat.h	1472	5ef4d89a9bb8ebb900615ab7d3e2e076	f2982d9e0a7a8ecd5bc1f15df09dc2d86033c5a5	c0bd8700f7a78dfc455700ec1f7d56f0d0d1b597
/cp_glades	444	dafc55348d0db2bd2403cea07acabf7b	6efba1e02f862d869700a697a6fe50f614e8e11e	945a0abaede0ccf6c0ddd261761898b39bded4a2
